Date,Year,Quarter,MonthNumber,MonthName,YearMonth,Day,Weekday
2024-01-01,2024,Q1,1,Jan,2024-01,1,Monday
2024-01-02,2024,Q1,1,Jan,2024-01,2,Tuesday
2024-01-03,2024,Q1,1,Jan,2024-01,3,Wednesday
2024-01-04,2024,Q1,1,Jan,2024-01,4,Thursday
2024-01-05,2024,Q1,1,Jan,2024-01,5,Friday
2024-01-06,2024,Q1,1,Jan,2024-01,6,Saturday
2024-01-07,2024,Q1,1,Jan,2024-01,7,Sunday
2024-01-08,2024,Q1,1,Jan,2024-01,8,Monday
2024-01-09,2024,Q1,1,Jan,2024-01,9,Tuesday
2024-01-10,2024,Q1,1,Jan,2024-01,10,Wednesday
2024-01-11,2024,Q1,1,Jan,2024-01,11,Thursday
2024-01-12,2024,Q1,1,Jan,2024-01,12,Friday
2024-01-13,2024,Q1,1,Jan,2024-01,13,Saturday
2024-01-14,2024,Q1,1,Jan,2024-01,14,Sunday
2024-01-15,2024,Q1,1,Jan,2024-01,15,Monday
2024-01-16,2024,Q1,1,Jan,2024-01,16,Tuesday
2024-01-17,2024,Q1,1,Jan,2024-01,17,Wednesday
2024-01-18,2024,Q1,1,Jan,2024-01,18,Thursday
2024-01-19,2024,Q1,1,Jan,2024-01,19,Friday
2024-01-20,2024,Q1,1,Jan,2024-01,20,Saturday
2024-01-21,2024,Q1,1,Jan,2024-01,21,Sunday
2024-01-22,2024,Q1,1,Jan,2024-01,22,Monday
2024-01-23,2024,Q1,1,Jan,2024-01,23,Tuesday
2024-01-24,2024,Q1,1,Jan,2024-01,24,Wednesday
2024-01-25,2024,Q1,1,Jan,2024-01,25,Thursday
2024-01-26,2024,Q1,1,Jan,2024-01,26,Friday
2024-01-27,2024,Q1,1,Jan,2024-01,27,Saturday
2024-01-28,2024,Q1,1,Jan,2024-01,28,Sunday
2024-01-29,2024,Q1,1,Jan,2024-01,29,Monday
2024-01-30,2024,Q1,1,Jan,2024-01,30,Tuesday
2024-01-31,2024,Q1,1,Jan,2024-01,31,Wednesday
2024-02-01,2024,Q1,2,Feb,2024-02,1,Thursday
2024-02-02,2024,Q1,2,Feb,2024-02,2,Friday
2024-02-03,2024,Q1,2,Feb,2024-02,3,Saturday
2024-02-04,2024,Q1,2,Feb,2024-02,4,Sunday
2024-02-05,2024,Q1,2,Feb,2024-02,5,Monday
2024-02-06,2024,Q1,2,Feb,2024-02,6,Tuesday
2024-02-07,2024,Q1,2,Feb,2024-02,7,Wednesday
2024-02-08,2024,Q1,2,Feb,2024-02,8,Thursday
2024-02-09,2024,Q1,2,Feb,2024-02,9,Friday
2024-02-10,2024,Q1,2,Feb,2024-02,10,Saturday
2024-02-11,2024,Q1,2,Feb,2024-02,11,Sunday
2024-02-12,2024,Q1,2,Feb,2024-02,12,Monday
2024-02-13,2024,Q1,2,Feb,2024-02,13,Tuesday
2024-02-14,2024,Q1,2,Feb,2024-02,14,Wednesday
2024-02-15,2024,Q1,2,Feb,2024-02,15,Thursday
2024-02-16,2024,Q1,2,Feb,2024-02,16,Friday
2024-02-17,2024,Q1,2,Feb,2024-02,17,Saturday
2024-02-18,2024,Q1,2,Feb,2024-02,18,Sunday
2024-02-19,2024,Q1,2,Feb,2024-02,19,Monday
2024-02-20,2024,Q1,2,Feb,2024-02,20,Tuesday
2024-02-21,2024,Q1,2,Feb,2024-02,21,Wednesday
2024-02-22,2024,Q1,2,Feb,2024-02,22,Thursday
2024-02-23,2024,Q1,2,Feb,2024-02,23,Friday
2024-02-24,2024,Q1,2,Feb,2024-02,24,Saturday
2024-02-25,2024,Q1,2,Feb,2024-02,25,Sunday
2024-02-26,2024,Q1,2,Feb,2024-02,26,Monday
2024-02-27,2024,Q1,2,Feb,2024-02,27,Tuesday
2024-02-28,2024,Q1,2,Feb,2024-02,28,Wednesday
2024-02-29,2024,Q1,2,Feb,2024-02,29,Thursday
2024-03-01,2024,Q1,3,Mar,2024-03,1,Friday
2024-03-02,2024,Q1,3,Mar,2024-03,2,Saturday
2024-03-03,2024,Q1,3,Mar,2024-03,3,Sunday
2024-03-04,2024,Q1,3,Mar,2024-03,4,Monday
2024-03-05,2024,Q1,3,Mar,2024-03,5,Tuesday
2024-03-06,2024,Q1,3,Mar,2024-03,6,Wednesday
2024-03-07,2024,Q1,3,Mar,2024-03,7,Thursday
2024-03-08,2024,Q1,3,Mar,2024-03,8,Friday
2024-03-09,2024,Q1,3,Mar,2024-03,9,Saturday
2024-03-10,2024,Q1,3,Mar,2024-03,10,Sunday
2024-03-11,2024,Q1,3,Mar,2024-03,11,Monday
2024-03-12,2024,Q1,3,Mar,2024-03,12,Tuesday
2024-03-13,2024,Q1,3,Mar,2024-03,13,Wednesday
2024-03-14,2024,Q1,3,Mar,2024-03,14,Thursday
2024-03-15,2024,Q1,3,Mar,2024-03,15,Friday
2024-03-16,2024,Q1,3,Mar,2024-03,16,Saturday
2024-03-17,2024,Q1,3,Mar,2024-03,17,Sunday
2024-03-18,2024,Q1,3,Mar,2024-03,18,Monday
2024-03-19,2024,Q1,3,Mar,2024-03,19,Tuesday
2024-03-20,2024,Q1,3,Mar,2024-03,20,Wednesday
2024-03-21,2024,Q1,3,Mar,2024-03,21,Thursday
2024-03-22,2024,Q1,3,Mar,2024-03,22,Friday
2024-03-23,2024,Q1,3,Mar,2024-03,23,Saturday
2024-03-24,2024,Q1,3,Mar,2024-03,24,Sunday
2024-03-25,2024,Q1,3,Mar,2024-03,25,Monday
2024-03-26,2024,Q1,3,Mar,2024-03,26,Tuesday
2024-03-27,2024,Q1,3,Mar,2024-03,27,Wednesday
2024-03-28,2024,Q1,3,Mar,2024-03,28,Thursday
2024-03-29,2024,Q1,3,Mar,2024-03,29,Friday
2024-03-30,2024,Q1,3,Mar,2024-03,30,Saturday
2024-03-31,2024,Q1,3,Mar,2024-03,31,Sunday
2024-04-01,2024,Q2,4,Apr,2024-04,1,Monday
2024-04-02,2024,Q2,4,Apr,2024-04,2,Tuesday
2024-04-03,2024,Q2,4,Apr,2024-04,3,Wednesday
2024-04-04,2024,Q2,4,Apr,2024-04,4,Thursday
2024-04-05,2024,Q2,4,Apr,2024-04,5,Friday
2024-04-06,2024,Q2,4,Apr,2024-04,6,Saturday
2024-04-07,2024,Q2,4,Apr,2024-04,7,Sunday
2024-04-08,2024,Q2,4,Apr,2024-04,8,Monday
2024-04-09,2024,Q2,4,Apr,2024-04,9,Tuesday
2024-04-10,2024,Q2,4,Apr,2024-04,10,Wednesday
2024-04-11,2024,Q2,4,Apr,2024-04,11,Thursday
2024-04-12,2024,Q2,4,Apr,2024-04,12,Friday
2024-04-13,2024,Q2,4,Apr,2024-04,13,Saturday
2024-04-14,2024,Q2,4,Apr,2024-04,14,Sunday
2024-04-15,2024,Q2,4,Apr,2024-04,15,Monday
2024-04-16,2024,Q2,4,Apr,2024-04,16,Tuesday
2024-04-17,2024,Q2,4,Apr,2024-04,17,Wednesday
2024-04-18,2024,Q2,4,Apr,2024-04,18,Thursday
2024-04-19,2024,Q2,4,Apr,2024-04,19,Friday
2024-04-20,2024,Q2,4,Apr,2024-04,20,Saturday
2024-04-21,2024,Q2,4,Apr,2024-04,21,Sunday
2024-04-22,2024,Q2,4,Apr,2024-04,22,Monday
2024-04-23,2024,Q2,4,Apr,2024-04,23,Tuesday
2024-04-24,2024,Q2,4,Apr,2024-04,24,Wednesday
2024-04-25,2024,Q2,4,Apr,2024-04,25,Thursday
2024-04-26,2024,Q2,4,Apr,2024-04,26,Friday
2024-04-27,2024,Q2,4,Apr,2024-04,27,Saturday
2024-04-28,2024,Q2,4,Apr,2024-04,28,Sunday
2024-04-29,2024,Q2,4,Apr,2024-04,29,Monday
2024-04-30,2024,Q2,4,Apr,2024-04,30,Tuesday
2024-05-01,2024,Q2,5,May,2024-05,1,Wednesday
2024-05-02,2024,Q2,5,May,2024-05,2,Thursday
2024-05-03,2024,Q2,5,May,2024-05,3,Friday
2024-05-04,2024,Q2,5,May,2024-05,4,Saturday
2024-05-05,2024,Q2,5,May,2024-05,5,Sunday
2024-05-06,2024,Q2,5,May,2024-05,6,Monday
2024-05-07,2024,Q2,5,May,2024-05,7,Tuesday
2024-05-08,2024,Q2,5,May,2024-05,8,Wednesday
2024-05-09,2024,Q2,5,May,2024-05,9,Thursday
2024-05-10,2024,Q2,5,May,2024-05,10,Friday
2024-05-11,2024,Q2,5,May,2024-05,11,Saturday
2024-05-12,2024,Q2,5,May,2024-05,12,Sunday
2024-05-13,2024,Q2,5,May,2024-05,13,Monday
2024-05-14,2024,Q2,5,May,2024-05,14,Tuesday
2024-05-15,2024,Q2,5,May,2024-05,15,Wednesday
2024-05-16,2024,Q2,5,May,2024-05,16,Thursday
2024-05-17,2024,Q2,5,May,2024-05,17,Friday
2024-05-18,2024,Q2,5,May,2024-05,18,Saturday
2024-05-19,2024,Q2,5,May,2024-05,19,Sunday
2024-05-20,2024,Q2,5,May,2024-05,20,Monday
2024-05-21,2024,Q2,5,May,2024-05,21,Tuesday
2024-05-22,2024,Q2,5,May,2024-05,22,Wednesday
2024-05-23,2024,Q2,5,May,2024-05,23,Thursday
2024-05-24,2024,Q2,5,May,2024-05,24,Friday
2024-05-25,2024,Q2,5,May,2024-05,25,Saturday
2024-05-26,2024,Q2,5,May,2024-05,26,Sunday
2024-05-27,2024,Q2,5,May,2024-05,27,Monday
2024-05-28,2024,Q2,5,May,2024-05,28,Tuesday
2024-05-29,2024,Q2,5,May,2024-05,29,Wednesday
2024-05-30,2024,Q2,5,May,2024-05,30,Thursday
2024-05-31,2024,Q2,5,May,2024-05,31,Friday
2024-06-01,2024,Q2,6,Jun,2024-06,1,Saturday
2024-06-02,2024,Q2,6,Jun,2024-06,2,Sunday
2024-06-03,2024,Q2,6,Jun,2024-06,3,Monday
2024-06-04,2024,Q2,6,Jun,2024-06,4,Tuesday
2024-06-05,2024,Q2,6,Jun,2024-06,5,Wednesday
2024-06-06,2024,Q2,6,Jun,2024-06,6,Thursday
2024-06-07,2024,Q2,6,Jun,2024-06,7,Friday
2024-06-08,2024,Q2,6,Jun,2024-06,8,Saturday
2024-06-09,2024,Q2,6,Jun,2024-06,9,Sunday
2024-06-10,2024,Q2,6,Jun,2024-06,10,Monday
2024-06-11,2024,Q2,6,Jun,2024-06,11,Tuesday
2024-06-12,2024,Q2,6,Jun,2024-06,12,Wednesday
2024-06-13,2024,Q2,6,Jun,2024-06,13,Thursday
2024-06-14,2024,Q2,6,Jun,2024-06,14,Friday
2024-06-15,2024,Q2,6,Jun,2024-06,15,Saturday
2024-06-16,2024,Q2,6,Jun,2024-06,16,Sunday
2024-06-17,2024,Q2,6,Jun,2024-06,17,Monday
2024-06-18,2024,Q2,6,Jun,2024-06,18,Tuesday
2024-06-19,2024,Q2,6,Jun,2024-06,19,Wednesday
2024-06-20,2024,Q2,6,Jun,2024-06,20,Thursday
2024-06-21,2024,Q2,6,Jun,2024-06,21,Friday
2024-06-22,2024,Q2,6,Jun,2024-06,22,Saturday
2024-06-23,2024,Q2,6,Jun,2024-06,23,Sunday
2024-06-24,2024,Q2,6,Jun,2024-06,24,Monday
2024-06-25,2024,Q2,6,Jun,2024-06,25,Tuesday
2024-06-26,2024,Q2,6,Jun,2024-06,26,Wednesday
2024-06-27,2024,Q2,6,Jun,2024-06,27,Thursday
2024-06-28,2024,Q2,6,Jun,2024-06,28,Friday
2024-06-29,2024,Q2,6,Jun,2024-06,29,Saturday
2024-06-30,2024,Q2,6,Jun,2024-06,30,Sunday
2024-07-01,2024,Q3,7,Jul,2024-07,1,Monday
2024-07-02,2024,Q3,7,Jul,2024-07,2,Tuesday
2024-07-03,2024,Q3,7,Jul,2024-07,3,Wednesday
2024-07-04,2024,Q3,7,Jul,2024-07,4,Thursday
2024-07-05,2024,Q3,7,Jul,2024-07,5,Friday
2024-07-06,2024,Q3,7,Jul,2024-07,6,Saturday
2024-07-07,2024,Q3,7,Jul,2024-07,7,Sunday
2024-07-08,2024,Q3,7,Jul,2024-07,8,Monday
2024-07-09,2024,Q3,7,Jul,2024-07,9,Tuesday
2024-07-10,2024,Q3,7,Jul,2024-07,10,Wednesday
2024-07-11,2024,Q3,7,Jul,2024-07,11,Thursday
2024-07-12,2024,Q3,7,Jul,2024-07,12,Friday
2024-07-13,2024,Q3,7,Jul,2024-07,13,Saturday
2024-07-14,2024,Q3,7,Jul,2024-07,14,Sunday
2024-07-15,2024,Q3,7,Jul,2024-07,15,Monday
2024-07-16,2024,Q3,7,Jul,2024-07,16,Tuesday
2024-07-17,2024,Q3,7,Jul,2024-07,17,Wednesday
2024-07-18,2024,Q3,7,Jul,2024-07,18,Thursday
2024-07-19,2024,Q3,7,Jul,2024-07,19,Friday
2024-07-20,2024,Q3,7,Jul,2024-07,20,Saturday
2024-07-21,2024,Q3,7,Jul,2024-07,21,Sunday
2024-07-22,2024,Q3,7,Jul,2024-07,22,Monday
2024-07-23,2024,Q3,7,Jul,2024-07,23,Tuesday
2024-07-24,2024,Q3,7,Jul,2024-07,24,Wednesday
2024-07-25,2024,Q3,7,Jul,2024-07,25,Thursday
2024-07-26,2024,Q3,7,Jul,2024-07,26,Friday
2024-07-27,2024,Q3,7,Jul,2024-07,27,Saturday
2024-07-28,2024,Q3,7,Jul,2024-07,28,Sunday
2024-07-29,2024,Q3,7,Jul,2024-07,29,Monday
2024-07-30,2024,Q3,7,Jul,2024-07,30,Tuesday
2024-07-31,2024,Q3,7,Jul,2024-07,31,Wednesday
2024-08-01,2024,Q3,8,Aug,2024-08,1,Thursday
2024-08-02,2024,Q3,8,Aug,2024-08,2,Friday
2024-08-03,2024,Q3,8,Aug,2024-08,3,Saturday
2024-08-04,2024,Q3,8,Aug,2024-08,4,Sunday
2024-08-05,2024,Q3,8,Aug,2024-08,5,Monday
2024-08-06,2024,Q3,8,Aug,2024-08,6,Tuesday
2024-08-07,2024,Q3,8,Aug,2024-08,7,Wednesday
2024-08-08,2024,Q3,8,Aug,2024-08,8,Thursday
2024-08-09,2024,Q3,8,Aug,2024-08,9,Friday
2024-08-10,2024,Q3,8,Aug,2024-08,10,Saturday
2024-08-11,2024,Q3,8,Aug,2024-08,11,Sunday
2024-08-12,2024,Q3,8,Aug,2024-08,12,Monday
2024-08-13,2024,Q3,8,Aug,2024-08,13,Tuesday
2024-08-14,2024,Q3,8,Aug,2024-08,14,Wednesday
2024-08-15,2024,Q3,8,Aug,2024-08,15,Thursday
2024-08-16,2024,Q3,8,Aug,2024-08,16,Friday
2024-08-17,2024,Q3,8,Aug,2024-08,17,Saturday
2024-08-18,2024,Q3,8,Aug,2024-08,18,Sunday
2024-08-19,2024,Q3,8,Aug,2024-08,19,Monday
2024-08-20,2024,Q3,8,Aug,2024-08,20,Tuesday
2024-08-21,2024,Q3,8,Aug,2024-08,21,Wednesday
2024-08-22,2024,Q3,8,Aug,2024-08,22,Thursday
2024-08-23,2024,Q3,8,Aug,2024-08,23,Friday
2024-08-24,2024,Q3,8,Aug,2024-08,24,Saturday
2024-08-25,2024,Q3,8,Aug,2024-08,25,Sunday
2024-08-26,2024,Q3,8,Aug,2024-08,26,Monday
2024-08-27,2024,Q3,8,Aug,2024-08,27,Tuesday
2024-08-28,2024,Q3,8,Aug,2024-08,28,Wednesday
2024-08-29,2024,Q3,8,Aug,2024-08,29,Thursday
2024-08-30,2024,Q3,8,Aug,2024-08,30,Friday
2024-08-31,2024,Q3,8,Aug,2024-08,31,Saturday
2024-09-01,2024,Q3,9,Sep,2024-09,1,Sunday
2024-09-02,2024,Q3,9,Sep,2024-09,2,Monday
2024-09-03,2024,Q3,9,Sep,2024-09,3,Tuesday
2024-09-04,2024,Q3,9,Sep,2024-09,4,Wednesday
2024-09-05,2024,Q3,9,Sep,2024-09,5,Thursday
2024-09-06,2024,Q3,9,Sep,2024-09,6,Friday
2024-09-07,2024,Q3,9,Sep,2024-09,7,Saturday
2024-09-08,2024,Q3,9,Sep,2024-09,8,Sunday
2024-09-09,2024,Q3,9,Sep,2024-09,9,Monday
2024-09-10,2024,Q3,9,Sep,2024-09,10,Tuesday
2024-09-11,2024,Q3,9,Sep,2024-09,11,Wednesday
2024-09-12,2024,Q3,9,Sep,2024-09,12,Thursday
2024-09-13,2024,Q3,9,Sep,2024-09,13,Friday
2024-09-14,2024,Q3,9,Sep,2024-09,14,Saturday
2024-09-15,2024,Q3,9,Sep,2024-09,15,Sunday
2024-09-16,2024,Q3,9,Sep,2024-09,16,Monday
2024-09-17,2024,Q3,9,Sep,2024-09,17,Tuesday
2024-09-18,2024,Q3,9,Sep,2024-09,18,Wednesday
2024-09-19,2024,Q3,9,Sep,2024-09,19,Thursday
2024-09-20,2024,Q3,9,Sep,2024-09,20,Friday
2024-09-21,2024,Q3,9,Sep,2024-09,21,Saturday
2024-09-22,2024,Q3,9,Sep,2024-09,22,Sunday
2024-09-23,2024,Q3,9,Sep,2024-09,23,Monday
2024-09-24,2024,Q3,9,Sep,2024-09,24,Tuesday
2024-09-25,2024,Q3,9,Sep,2024-09,25,Wednesday
2024-09-26,2024,Q3,9,Sep,2024-09,26,Thursday
2024-09-27,2024,Q3,9,Sep,2024-09,27,Friday
2024-09-28,2024,Q3,9,Sep,2024-09,28,Saturday
2024-09-29,2024,Q3,9,Sep,2024-09,29,Sunday
2024-09-30,2024,Q3,9,Sep,2024-09,30,Monday
2024-10-01,2024,Q4,10,Oct,2024-10,1,Tuesday
2024-10-02,2024,Q4,10,Oct,2024-10,2,Wednesday
2024-10-03,2024,Q4,10,Oct,2024-10,3,Thursday
2024-10-04,2024,Q4,10,Oct,2024-10,4,Friday
2024-10-05,2024,Q4,10,Oct,2024-10,5,Saturday
2024-10-06,2024,Q4,10,Oct,2024-10,6,Sunday
2024-10-07,2024,Q4,10,Oct,2024-10,7,Monday
2024-10-08,2024,Q4,10,Oct,2024-10,8,Tuesday
2024-10-09,2024,Q4,10,Oct,2024-10,9,Wednesday
2024-10-10,2024,Q4,10,Oct,2024-10,10,Thursday
2024-10-11,2024,Q4,10,Oct,2024-10,11,Friday
2024-10-12,2024,Q4,10,Oct,2024-10,12,Saturday
2024-10-13,2024,Q4,10,Oct,2024-10,13,Sunday
2024-10-14,2024,Q4,10,Oct,2024-10,14,Monday
2024-10-15,2024,Q4,10,Oct,2024-10,15,Tuesday
2024-10-16,2024,Q4,10,Oct,2024-10,16,Wednesday
2024-10-17,2024,Q4,10,Oct,2024-10,17,Thursday
2024-10-18,2024,Q4,10,Oct,2024-10,18,Friday
2024-10-19,2024,Q4,10,Oct,2024-10,19,Saturday
2024-10-20,2024,Q4,10,Oct,2024-10,20,Sunday
2024-10-21,2024,Q4,10,Oct,2024-10,21,Monday
2024-10-22,2024,Q4,10,Oct,2024-10,22,Tuesday
2024-10-23,2024,Q4,10,Oct,2024-10,23,Wednesday
2024-10-24,2024,Q4,10,Oct,2024-10,24,Thursday
2024-10-25,2024,Q4,10,Oct,2024-10,25,Friday
2024-10-26,2024,Q4,10,Oct,2024-10,26,Saturday
2024-10-27,2024,Q4,10,Oct,2024-10,27,Sunday
2024-10-28,2024,Q4,10,Oct,2024-10,28,Monday
2024-10-29,2024,Q4,10,Oct,2024-10,29,Tuesday
2024-10-30,2024,Q4,10,Oct,2024-10,30,Wednesday
2024-10-31,2024,Q4,10,Oct,2024-10,31,Thursday
2024-11-01,2024,Q4,11,Nov,2024-11,1,Friday
2024-11-02,2024,Q4,11,Nov,2024-11,2,Saturday
2024-11-03,2024,Q4,11,Nov,2024-11,3,Sunday
2024-11-04,2024,Q4,11,Nov,2024-11,4,Monday
2024-11-05,2024,Q4,11,Nov,2024-11,5,Tuesday
2024-11-06,2024,Q4,11,Nov,2024-11,6,Wednesday
2024-11-07,2024,Q4,11,Nov,2024-11,7,Thursday
2024-11-08,2024,Q4,11,Nov,2024-11,8,Friday
2024-11-09,2024,Q4,11,Nov,2024-11,9,Saturday
2024-11-10,2024,Q4,11,Nov,2024-11,10,Sunday
2024-11-11,2024,Q4,11,Nov,2024-11,11,Monday
2024-11-12,2024,Q4,11,Nov,2024-11,12,Tuesday
2024-11-13,2024,Q4,11,Nov,2024-11,13,Wednesday
2024-11-14,2024,Q4,11,Nov,2024-11,14,Thursday
2024-11-15,2024,Q4,11,Nov,2024-11,15,Friday
2024-11-16,2024,Q4,11,Nov,2024-11,16,Saturday
2024-11-17,2024,Q4,11,Nov,2024-11,17,Sunday
2024-11-18,2024,Q4,11,Nov,2024-11,18,Monday
2024-11-19,2024,Q4,11,Nov,2024-11,19,Tuesday
2024-11-20,2024,Q4,11,Nov,2024-11,20,Wednesday
2024-11-21,2024,Q4,11,Nov,2024-11,21,Thursday
2024-11-22,2024,Q4,11,Nov,2024-11,22,Friday
2024-11-23,2024,Q4,11,Nov,2024-11,23,Saturday
2024-11-24,2024,Q4,11,Nov,2024-11,24,Sunday
2024-11-25,2024,Q4,11,Nov,2024-11,25,Monday
2024-11-26,2024,Q4,11,Nov,2024-11,26,Tuesday
2024-11-27,2024,Q4,11,Nov,2024-11,27,Wednesday
2024-11-28,2024,Q4,11,Nov,2024-11,28,Thursday
2024-11-29,2024,Q4,11,Nov,2024-11,29,Friday
2024-11-30,2024,Q4,11,Nov,2024-11,30,Saturday
2024-12-01,2024,Q4,12,Dec,2024-12,1,Sunday
2024-12-02,2024,Q4,12,Dec,2024-12,2,Monday
2024-12-03,2024,Q4,12,Dec,2024-12,3,Tuesday
2024-12-04,2024,Q4,12,Dec,2024-12,4,Wednesday
2024-12-05,2024,Q4,12,Dec,2024-12,5,Thursday
2024-12-06,2024,Q4,12,Dec,2024-12,6,Friday
2024-12-07,2024,Q4,12,Dec,2024-12,7,Saturday
2024-12-08,2024,Q4,12,Dec,2024-12,8,Sunday
2024-12-09,2024,Q4,12,Dec,2024-12,9,Monday
2024-12-10,2024,Q4,12,Dec,2024-12,10,Tuesday
2024-12-11,2024,Q4,12,Dec,2024-12,11,Wednesday
2024-12-12,2024,Q4,12,Dec,2024-12,12,Thursday
2024-12-13,2024,Q4,12,Dec,2024-12,13,Friday
2024-12-14,2024,Q4,12,Dec,2024-12,14,Saturday
2024-12-15,2024,Q4,12,Dec,2024-12,15,Sunday
2024-12-16,2024,Q4,12,Dec,2024-12,16,Monday
2024-12-17,2024,Q4,12,Dec,2024-12,17,Tuesday
2024-12-18,2024,Q4,12,Dec,2024-12,18,Wednesday
2024-12-19,2024,Q4,12,Dec,2024-12,19,Thursday
2024-12-20,2024,Q4,12,Dec,2024-12,20,Friday
2024-12-21,2024,Q4,12,Dec,2024-12,21,Saturday
2024-12-22,2024,Q4,12,Dec,2024-12,22,Sunday
2024-12-23,2024,Q4,12,Dec,2024-12,23,Monday
2024-12-24,2024,Q4,12,Dec,2024-12,24,Tuesday
2024-12-25,2024,Q4,12,Dec,2024-12,25,Wednesday
2024-12-26,2024,Q4,12,Dec,2024-12,26,Thursday
2024-12-27,2024,Q4,12,Dec,2024-12,27,Friday
2024-12-28,2024,Q4,12,Dec,2024-12,28,Saturday
2024-12-29,2024,Q4,12,Dec,2024-12,29,Sunday
2024-12-30,2024,Q4,12,Dec,2024-12,30,Monday
2024-12-31,2024,Q4,12,Dec,2024-12,31,Tuesday
2025-01-01,2025,Q1,1,Jan,2025-01,1,Wednesday
2025-01-02,2025,Q1,1,Jan,2025-01,2,Thursday
2025-01-03,2025,Q1,1,Jan,2025-01,3,Friday
2025-01-04,2025,Q1,1,Jan,2025-01,4,Saturday
2025-01-05,2025,Q1,1,Jan,2025-01,5,Sunday
2025-01-06,2025,Q1,1,Jan,2025-01,6,Monday
2025-01-07,2025,Q1,1,Jan,2025-01,7,Tuesday
2025-01-08,2025,Q1,1,Jan,2025-01,8,Wednesday
2025-01-09,2025,Q1,1,Jan,2025-01,9,Thursday
2025-01-10,2025,Q1,1,Jan,2025-01,10,Friday
2025-01-11,2025,Q1,1,Jan,2025-01,11,Saturday
2025-01-12,2025,Q1,1,Jan,2025-01,12,Sunday
2025-01-13,2025,Q1,1,Jan,2025-01,13,Monday
2025-01-14,2025,Q1,1,Jan,2025-01,14,Tuesday
2025-01-15,2025,Q1,1,Jan,2025-01,15,Wednesday
2025-01-16,2025,Q1,1,Jan,2025-01,16,Thursday
2025-01-17,2025,Q1,1,Jan,2025-01,17,Friday
2025-01-18,2025,Q1,1,Jan,2025-01,18,Saturday
2025-01-19,2025,Q1,1,Jan,2025-01,19,Sunday
2025-01-20,2025,Q1,1,Jan,2025-01,20,Monday
2025-01-21,2025,Q1,1,Jan,2025-01,21,Tuesday
2025-01-22,2025,Q1,1,Jan,2025-01,22,Wednesday
2025-01-23,2025,Q1,1,Jan,2025-01,23,Thursday
2025-01-24,2025,Q1,1,Jan,2025-01,24,Friday
2025-01-25,2025,Q1,1,Jan,2025-01,25,Saturday
2025-01-26,2025,Q1,1,Jan,2025-01,26,Sunday
2025-01-27,2025,Q1,1,Jan,2025-01,27,Monday
2025-01-28,2025,Q1,1,Jan,2025-01,28,Tuesday
2025-01-29,2025,Q1,1,Jan,2025-01,29,Wednesday
2025-01-30,2025,Q1,1,Jan,2025-01,30,Thursday
2025-01-31,2025,Q1,1,Jan,2025-01,31,Friday
2025-02-01,2025,Q1,2,Feb,2025-02,1,Saturday
2025-02-02,2025,Q1,2,Feb,2025-02,2,Sunday
2025-02-03,2025,Q1,2,Feb,2025-02,3,Monday
2025-02-04,2025,Q1,2,Feb,2025-02,4,Tuesday
2025-02-05,2025,Q1,2,Feb,2025-02,5,Wednesday
2025-02-06,2025,Q1,2,Feb,2025-02,6,Thursday
2025-02-07,2025,Q1,2,Feb,2025-02,7,Friday
2025-02-08,2025,Q1,2,Feb,2025-02,8,Saturday
2025-02-09,2025,Q1,2,Feb,2025-02,9,Sunday
2025-02-10,2025,Q1,2,Feb,2025-02,10,Monday
2025-02-11,2025,Q1,2,Feb,2025-02,11,Tuesday
2025-02-12,2025,Q1,2,Feb,2025-02,12,Wednesday
2025-02-13,2025,Q1,2,Feb,2025-02,13,Thursday
2025-02-14,2025,Q1,2,Feb,2025-02,14,Friday
2025-02-15,2025,Q1,2,Feb,2025-02,15,Saturday
2025-02-16,2025,Q1,2,Feb,2025-02,16,Sunday
2025-02-17,2025,Q1,2,Feb,2025-02,17,Monday
2025-02-18,2025,Q1,2,Feb,2025-02,18,Tuesday
2025-02-19,2025,Q1,2,Feb,2025-02,19,Wednesday
2025-02-20,2025,Q1,2,Feb,2025-02,20,Thursday
2025-02-21,2025,Q1,2,Feb,2025-02,21,Friday
2025-02-22,2025,Q1,2,Feb,2025-02,22,Saturday
2025-02-23,2025,Q1,2,Feb,2025-02,23,Sunday
2025-02-24,2025,Q1,2,Feb,2025-02,24,Monday
2025-02-25,2025,Q1,2,Feb,2025-02,25,Tuesday
2025-02-26,2025,Q1,2,Feb,2025-02,26,Wednesday
2025-02-27,2025,Q1,2,Feb,2025-02,27,Thursday
2025-02-28,2025,Q1,2,Feb,2025-02,28,Friday
2025-03-01,2025,Q1,3,Mar,2025-03,1,Saturday
2025-03-02,2025,Q1,3,Mar,2025-03,2,Sunday
2025-03-03,2025,Q1,3,Mar,2025-03,3,Monday
2025-03-04,2025,Q1,3,Mar,2025-03,4,Tuesday
2025-03-05,2025,Q1,3,Mar,2025-03,5,Wednesday
2025-03-06,2025,Q1,3,Mar,2025-03,6,Thursday
2025-03-07,2025,Q1,3,Mar,2025-03,7,Friday
2025-03-08,2025,Q1,3,Mar,2025-03,8,Saturday
2025-03-09,2025,Q1,3,Mar,2025-03,9,Sunday
2025-03-10,2025,Q1,3,Mar,2025-03,10,Monday
2025-03-11,2025,Q1,3,Mar,2025-03,11,Tuesday
2025-03-12,2025,Q1,3,Mar,2025-03,12,Wednesday
2025-03-13,2025,Q1,3,Mar,2025-03,13,Thursday
2025-03-14,2025,Q1,3,Mar,2025-03,14,Friday
2025-03-15,2025,Q1,3,Mar,2025-03,15,Saturday
2025-03-16,2025,Q1,3,Mar,2025-03,16,Sunday
2025-03-17,2025,Q1,3,Mar,2025-03,17,Monday
2025-03-18,2025,Q1,3,Mar,2025-03,18,Tuesday
2025-03-19,2025,Q1,3,Mar,2025-03,19,Wednesday
2025-03-20,2025,Q1,3,Mar,2025-03,20,Thursday
2025-03-21,2025,Q1,3,Mar,2025-03,21,Friday
2025-03-22,2025,Q1,3,Mar,2025-03,22,Saturday
2025-03-23,2025,Q1,3,Mar,2025-03,23,Sunday
2025-03-24,2025,Q1,3,Mar,2025-03,24,Monday
2025-03-25,2025,Q1,3,Mar,2025-03,25,Tuesday
2025-03-26,2025,Q1,3,Mar,2025-03,26,Wednesday
2025-03-27,2025,Q1,3,Mar,2025-03,27,Thursday
2025-03-28,2025,Q1,3,Mar,2025-03,28,Friday
2025-03-29,2025,Q1,3,Mar,2025-03,29,Saturday
2025-03-30,2025,Q1,3,Mar,2025-03,30,Sunday
2025-03-31,2025,Q1,3,Mar,2025-03,31,Monday
2025-04-01,2025,Q2,4,Apr,2025-04,1,Tuesday
2025-04-02,2025,Q2,4,Apr,2025-04,2,Wednesday
2025-04-03,2025,Q2,4,Apr,2025-04,3,Thursday
2025-04-04,2025,Q2,4,Apr,2025-04,4,Friday
2025-04-05,2025,Q2,4,Apr,2025-04,5,Saturday
2025-04-06,2025,Q2,4,Apr,2025-04,6,Sunday
2025-04-07,2025,Q2,4,Apr,2025-04,7,Monday
2025-04-08,2025,Q2,4,Apr,2025-04,8,Tuesday
2025-04-09,2025,Q2,4,Apr,2025-04,9,Wednesday
2025-04-10,2025,Q2,4,Apr,2025-04,10,Thursday
2025-04-11,2025,Q2,4,Apr,2025-04,11,Friday
2025-04-12,2025,Q2,4,Apr,2025-04,12,Saturday
2025-04-13,2025,Q2,4,Apr,2025-04,13,Sunday
2025-04-14,2025,Q2,4,Apr,2025-04,14,Monday
2025-04-15,2025,Q2,4,Apr,2025-04,15,Tuesday
2025-04-16,2025,Q2,4,Apr,2025-04,16,Wednesday
2025-04-17,2025,Q2,4,Apr,2025-04,17,Thursday
2025-04-18,2025,Q2,4,Apr,2025-04,18,Friday
2025-04-19,2025,Q2,4,Apr,2025-04,19,Saturday
2025-04-20,2025,Q2,4,Apr,2025-04,20,Sunday
2025-04-21,2025,Q2,4,Apr,2025-04,21,Monday
2025-04-22,2025,Q2,4,Apr,2025-04,22,Tuesday
2025-04-23,2025,Q2,4,Apr,2025-04,23,Wednesday
2025-04-24,2025,Q2,4,Apr,2025-04,24,Thursday
2025-04-25,2025,Q2,4,Apr,2025-04,25,Friday
2025-04-26,2025,Q2,4,Apr,2025-04,26,Saturday
2025-04-27,2025,Q2,4,Apr,2025-04,27,Sunday
2025-04-28,2025,Q2,4,Apr,2025-04,28,Monday
2025-04-29,2025,Q2,4,Apr,2025-04,29,Tuesday
2025-04-30,2025,Q2,4,Apr,2025-04,30,Wednesday
2025-05-01,2025,Q2,5,May,2025-05,1,Thursday
2025-05-02,2025,Q2,5,May,2025-05,2,Friday
2025-05-03,2025,Q2,5,May,2025-05,3,Saturday
2025-05-04,2025,Q2,5,May,2025-05,4,Sunday
2025-05-05,2025,Q2,5,May,2025-05,5,Monday
2025-05-06,2025,Q2,5,May,2025-05,6,Tuesday
2025-05-07,2025,Q2,5,May,2025-05,7,Wednesday
2025-05-08,2025,Q2,5,May,2025-05,8,Thursday
2025-05-09,2025,Q2,5,May,2025-05,9,Friday
2025-05-10,2025,Q2,5,May,2025-05,10,Saturday
2025-05-11,2025,Q2,5,May,2025-05,11,Sunday
2025-05-12,2025,Q2,5,May,2025-05,12,Monday
2025-05-13,2025,Q2,5,May,2025-05,13,Tuesday
2025-05-14,2025,Q2,5,May,2025-05,14,Wednesday
2025-05-15,2025,Q2,5,May,2025-05,15,Thursday
2025-05-16,2025,Q2,5,May,2025-05,16,Friday
2025-05-17,2025,Q2,5,May,2025-05,17,Saturday
2025-05-18,2025,Q2,5,May,2025-05,18,Sunday
2025-05-19,2025,Q2,5,May,2025-05,19,Monday
2025-05-20,2025,Q2,5,May,2025-05,20,Tuesday
2025-05-21,2025,Q2,5,May,2025-05,21,Wednesday
2025-05-22,2025,Q2,5,May,2025-05,22,Thursday
2025-05-23,2025,Q2,5,May,2025-05,23,Friday
2025-05-24,2025,Q2,5,May,2025-05,24,Saturday
2025-05-25,2025,Q2,5,May,2025-05,25,Sunday
2025-05-26,2025,Q2,5,May,2025-05,26,Monday
2025-05-27,2025,Q2,5,May,2025-05,27,Tuesday
2025-05-28,2025,Q2,5,May,2025-05,28,Wednesday
2025-05-29,2025,Q2,5,May,2025-05,29,Thursday
2025-05-30,2025,Q2,5,May,2025-05,30,Friday
2025-05-31,2025,Q2,5,May,2025-05,31,Saturday
2025-06-01,2025,Q2,6,Jun,2025-06,1,Sunday
2025-06-02,2025,Q2,6,Jun,2025-06,2,Monday
2025-06-03,2025,Q2,6,Jun,2025-06,3,Tuesday
2025-06-04,2025,Q2,6,Jun,2025-06,4,Wednesday
2025-06-05,2025,Q2,6,Jun,2025-06,5,Thursday
2025-06-06,2025,Q2,6,Jun,2025-06,6,Friday
2025-06-07,2025,Q2,6,Jun,2025-06,7,Saturday
2025-06-08,2025,Q2,6,Jun,2025-06,8,Sunday
2025-06-09,2025,Q2,6,Jun,2025-06,9,Monday
2025-06-10,2025,Q2,6,Jun,2025-06,10,Tuesday
2025-06-11,2025,Q2,6,Jun,2025-06,11,Wednesday
2025-06-12,2025,Q2,6,Jun,2025-06,12,Thursday
2025-06-13,2025,Q2,6,Jun,2025-06,13,Friday
2025-06-14,2025,Q2,6,Jun,2025-06,14,Saturday
2025-06-15,2025,Q2,6,Jun,2025-06,15,Sunday
2025-06-16,2025,Q2,6,Jun,2025-06,16,Monday
2025-06-17,2025,Q2,6,Jun,2025-06,17,Tuesday
2025-06-18,2025,Q2,6,Jun,2025-06,18,Wednesday
2025-06-19,2025,Q2,6,Jun,2025-06,19,Thursday
2025-06-20,2025,Q2,6,Jun,2025-06,20,Friday
2025-06-21,2025,Q2,6,Jun,2025-06,21,Saturday
2025-06-22,2025,Q2,6,Jun,2025-06,22,Sunday
2025-06-23,2025,Q2,6,Jun,2025-06,23,Monday
2025-06-24,2025,Q2,6,Jun,2025-06,24,Tuesday
2025-06-25,2025,Q2,6,Jun,2025-06,25,Wednesday
2025-06-26,2025,Q2,6,Jun,2025-06,26,Thursday
2025-06-27,2025,Q2,6,Jun,2025-06,27,Friday
2025-06-28,2025,Q2,6,Jun,2025-06,28,Saturday
2025-06-29,2025,Q2,6,Jun,2025-06,29,Sunday
2025-06-30,2025,Q2,6,Jun,2025-06,30,Monday
2025-07-01,2025,Q3,7,Jul,2025-07,1,Tuesday
2025-07-02,2025,Q3,7,Jul,2025-07,2,Wednesday
2025-07-03,2025,Q3,7,Jul,2025-07,3,Thursday
2025-07-04,2025,Q3,7,Jul,2025-07,4,Friday
2025-07-05,2025,Q3,7,Jul,2025-07,5,Saturday
2025-07-06,2025,Q3,7,Jul,2025-07,6,Sunday
2025-07-07,2025,Q3,7,Jul,2025-07,7,Monday
2025-07-08,2025,Q3,7,Jul,2025-07,8,Tuesday
2025-07-09,2025,Q3,7,Jul,2025-07,9,Wednesday
2025-07-10,2025,Q3,7,Jul,2025-07,10,Thursday
2025-07-11,2025,Q3,7,Jul,2025-07,11,Friday
2025-07-12,2025,Q3,7,Jul,2025-07,12,Saturday
2025-07-13,2025,Q3,7,Jul,2025-07,13,Sunday
2025-07-14,2025,Q3,7,Jul,2025-07,14,Monday
2025-07-15,2025,Q3,7,Jul,2025-07,15,Tuesday
2025-07-16,2025,Q3,7,Jul,2025-07,16,Wednesday
2025-07-17,2025,Q3,7,Jul,2025-07,17,Thursday
2025-07-18,2025,Q3,7,Jul,2025-07,18,Friday
2025-07-19,2025,Q3,7,Jul,2025-07,19,Saturday
2025-07-20,2025,Q3,7,Jul,2025-07,20,Sunday
2025-07-21,2025,Q3,7,Jul,2025-07,21,Monday
2025-07-22,2025,Q3,7,Jul,2025-07,22,Tuesday
2025-07-23,2025,Q3,7,Jul,2025-07,23,Wednesday
2025-07-24,2025,Q3,7,Jul,2025-07,24,Thursday
2025-07-25,2025,Q3,7,Jul,2025-07,25,Friday
2025-07-26,2025,Q3,7,Jul,2025-07,26,Saturday
2025-07-27,2025,Q3,7,Jul,2025-07,27,Sunday
2025-07-28,2025,Q3,7,Jul,2025-07,28,Monday
2025-07-29,2025,Q3,7,Jul,2025-07,29,Tuesday
2025-07-30,2025,Q3,7,Jul,2025-07,30,Wednesday
2025-07-31,2025,Q3,7,Jul,2025-07,31,Thursday
2025-08-01,2025,Q3,8,Aug,2025-08,1,Friday
2025-08-02,2025,Q3,8,Aug,2025-08,2,Saturday
2025-08-03,2025,Q3,8,Aug,2025-08,3,Sunday
2025-08-04,2025,Q3,8,Aug,2025-08,4,Monday
2025-08-05,2025,Q3,8,Aug,2025-08,5,Tuesday
2025-08-06,2025,Q3,8,Aug,2025-08,6,Wednesday
2025-08-07,2025,Q3,8,Aug,2025-08,7,Thursday
2025-08-08,2025,Q3,8,Aug,2025-08,8,Friday
2025-08-09,2025,Q3,8,Aug,2025-08,9,Saturday
2025-08-10,2025,Q3,8,Aug,2025-08,10,Sunday
2025-08-11,2025,Q3,8,Aug,2025-08,11,Monday
2025-08-12,2025,Q3,8,Aug,2025-08,12,Tuesday
2025-08-13,2025,Q3,8,Aug,2025-08,13,Wednesday
2025-08-14,2025,Q3,8,Aug,2025-08,14,Thursday
2025-08-15,2025,Q3,8,Aug,2025-08,15,Friday
2025-08-16,2025,Q3,8,Aug,2025-08,16,Saturday
2025-08-17,2025,Q3,8,Aug,2025-08,17,Sunday
2025-08-18,2025,Q3,8,Aug,2025-08,18,Monday
2025-08-19,2025,Q3,8,Aug,2025-08,19,Tuesday
2025-08-20,2025,Q3,8,Aug,2025-08,20,Wednesday
2025-08-21,2025,Q3,8,Aug,2025-08,21,Thursday
2025-08-22,2025,Q3,8,Aug,2025-08,22,Friday
2025-08-23,2025,Q3,8,Aug,2025-08,23,Saturday
2025-08-24,2025,Q3,8,Aug,2025-08,24,Sunday
2025-08-25,2025,Q3,8,Aug,2025-08,25,Monday
2025-08-26,2025,Q3,8,Aug,2025-08,26,Tuesday
2025-08-27,2025,Q3,8,Aug,2025-08,27,Wednesday
2025-08-28,2025,Q3,8,Aug,2025-08,28,Thursday
2025-08-29,2025,Q3,8,Aug,2025-08,29,Friday
2025-08-30,2025,Q3,8,Aug,2025-08,30,Saturday
2025-08-31,2025,Q3,8,Aug,2025-08,31,Sunday
2025-09-01,2025,Q3,9,Sep,2025-09,1,Monday
2025-09-02,2025,Q3,9,Sep,2025-09,2,Tuesday
2025-09-03,2025,Q3,9,Sep,2025-09,3,Wednesday
2025-09-04,2025,Q3,9,Sep,2025-09,4,Thursday
2025-09-05,2025,Q3,9,Sep,2025-09,5,Friday
2025-09-06,2025,Q3,9,Sep,2025-09,6,Saturday
2025-09-07,2025,Q3,9,Sep,2025-09,7,Sunday
2025-09-08,2025,Q3,9,Sep,2025-09,8,Monday
2025-09-09,2025,Q3,9,Sep,2025-09,9,Tuesday
2025-09-10,2025,Q3,9,Sep,2025-09,10,Wednesday
2025-09-11,2025,Q3,9,Sep,2025-09,11,Thursday
2025-09-12,2025,Q3,9,Sep,2025-09,12,Friday
2025-09-13,2025,Q3,9,Sep,2025-09,13,Saturday
2025-09-14,2025,Q3,9,Sep,2025-09,14,Sunday
2025-09-15,2025,Q3,9,Sep,2025-09,15,Monday
2025-09-16,2025,Q3,9,Sep,2025-09,16,Tuesday
2025-09-17,2025,Q3,9,Sep,2025-09,17,Wednesday
2025-09-18,2025,Q3,9,Sep,2025-09,18,Thursday
2025-09-19,2025,Q3,9,Sep,2025-09,19,Friday
2025-09-20,2025,Q3,9,Sep,2025-09,20,Saturday
2025-09-21,2025,Q3,9,Sep,2025-09,21,Sunday
2025-09-22,2025,Q3,9,Sep,2025-09,22,Monday
2025-09-23,2025,Q3,9,Sep,2025-09,23,Tuesday
2025-09-24,2025,Q3,9,Sep,2025-09,24,Wednesday
2025-09-25,2025,Q3,9,Sep,2025-09,25,Thursday
2025-09-26,2025,Q3,9,Sep,2025-09,26,Friday
2025-09-27,2025,Q3,9,Sep,2025-09,27,Saturday
2025-09-28,2025,Q3,9,Sep,2025-09,28,Sunday
2025-09-29,2025,Q3,9,Sep,2025-09,29,Monday
2025-09-30,2025,Q3,9,Sep,2025-09,30,Tuesday
2025-10-01,2025,Q4,10,Oct,2025-10,1,Wednesday
2025-10-02,2025,Q4,10,Oct,2025-10,2,Thursday
2025-10-03,2025,Q4,10,Oct,2025-10,3,Friday
2025-10-04,2025,Q4,10,Oct,2025-10,4,Saturday
2025-10-05,2025,Q4,10,Oct,2025-10,5,Sunday
2025-10-06,2025,Q4,10,Oct,2025-10,6,Monday
2025-10-07,2025,Q4,10,Oct,2025-10,7,Tuesday
2025-10-08,2025,Q4,10,Oct,2025-10,8,Wednesday
2025-10-09,2025,Q4,10,Oct,2025-10,9,Thursday
2025-10-10,2025,Q4,10,Oct,2025-10,10,Friday
2025-10-11,2025,Q4,10,Oct,2025-10,11,Saturday
2025-10-12,2025,Q4,10,Oct,2025-10,12,Sunday
2025-10-13,2025,Q4,10,Oct,2025-10,13,Monday
2025-10-14,2025,Q4,10,Oct,2025-10,14,Tuesday
2025-10-15,2025,Q4,10,Oct,2025-10,15,Wednesday
2025-10-16,2025,Q4,10,Oct,2025-10,16,Thursday
2025-10-17,2025,Q4,10,Oct,2025-10,17,Friday
2025-10-18,2025,Q4,10,Oct,2025-10,18,Saturday
2025-10-19,2025,Q4,10,Oct,2025-10,19,Sunday
2025-10-20,2025,Q4,10,Oct,2025-10,20,Monday
2025-10-21,2025,Q4,10,Oct,2025-10,21,Tuesday
2025-10-22,2025,Q4,10,Oct,2025-10,22,Wednesday
2025-10-23,2025,Q4,10,Oct,2025-10,23,Thursday
2025-10-24,2025,Q4,10,Oct,2025-10,24,Friday
2025-10-25,2025,Q4,10,Oct,2025-10,25,Saturday
2025-10-26,2025,Q4,10,Oct,2025-10,26,Sunday
2025-10-27,2025,Q4,10,Oct,2025-10,27,Monday
2025-10-28,2025,Q4,10,Oct,2025-10,28,Tuesday
2025-10-29,2025,Q4,10,Oct,2025-10,29,Wednesday
2025-10-30,2025,Q4,10,Oct,2025-10,30,Thursday
2025-10-31,2025,Q4,10,Oct,2025-10,31,Friday
2025-11-01,2025,Q4,11,Nov,2025-11,1,Saturday
2025-11-02,2025,Q4,11,Nov,2025-11,2,Sunday
2025-11-03,2025,Q4,11,Nov,2025-11,3,Monday
2025-11-04,2025,Q4,11,Nov,2025-11,4,Tuesday
2025-11-05,2025,Q4,11,Nov,2025-11,5,Wednesday
2025-11-06,2025,Q4,11,Nov,2025-11,6,Thursday
2025-11-07,2025,Q4,11,Nov,2025-11,7,Friday
2025-11-08,2025,Q4,11,Nov,2025-11,8,Saturday
2025-11-09,2025,Q4,11,Nov,2025-11,9,Sunday
2025-11-10,2025,Q4,11,Nov,2025-11,10,Monday
2025-11-11,2025,Q4,11,Nov,2025-11,11,Tuesday
2025-11-12,2025,Q4,11,Nov,2025-11,12,Wednesday
2025-11-13,2025,Q4,11,Nov,2025-11,13,Thursday
2025-11-14,2025,Q4,11,Nov,2025-11,14,Friday
2025-11-15,2025,Q4,11,Nov,2025-11,15,Saturday
2025-11-16,2025,Q4,11,Nov,2025-11,16,Sunday
2025-11-17,2025,Q4,11,Nov,2025-11,17,Monday
2025-11-18,2025,Q4,11,Nov,2025-11,18,Tuesday
2025-11-19,2025,Q4,11,Nov,2025-11,19,Wednesday
2025-11-20,2025,Q4,11,Nov,2025-11,20,Thursday
2025-11-21,2025,Q4,11,Nov,2025-11,21,Friday
2025-11-22,2025,Q4,11,Nov,2025-11,22,Saturday
2025-11-23,2025,Q4,11,Nov,2025-11,23,Sunday
2025-11-24,2025,Q4,11,Nov,2025-11,24,Monday
2025-11-25,2025,Q4,11,Nov,2025-11,25,Tuesday
2025-11-26,2025,Q4,11,Nov,2025-11,26,Wednesday
2025-11-27,2025,Q4,11,Nov,2025-11,27,Thursday
2025-11-28,2025,Q4,11,Nov,2025-11,28,Friday
2025-11-29,2025,Q4,11,Nov,2025-11,29,Saturday
2025-11-30,2025,Q4,11,Nov,2025-11,30,Sunday
2025-12-01,2025,Q4,12,Dec,2025-12,1,Monday
2025-12-02,2025,Q4,12,Dec,2025-12,2,Tuesday
2025-12-03,2025,Q4,12,Dec,2025-12,3,Wednesday
2025-12-04,2025,Q4,12,Dec,2025-12,4,Thursday
2025-12-05,2025,Q4,12,Dec,2025-12,5,Friday
2025-12-06,2025,Q4,12,Dec,2025-12,6,Saturday
2025-12-07,2025,Q4,12,Dec,2025-12,7,Sunday
2025-12-08,2025,Q4,12,Dec,2025-12,8,Monday
2025-12-09,2025,Q4,12,Dec,2025-12,9,Tuesday
2025-12-10,2025,Q4,12,Dec,2025-12,10,Wednesday
2025-12-11,2025,Q4,12,Dec,2025-12,11,Thursday
2025-12-12,2025,Q4,12,Dec,2025-12,12,Friday
2025-12-13,2025,Q4,12,Dec,2025-12,13,Saturday
2025-12-14,2025,Q4,12,Dec,2025-12,14,Sunday
2025-12-15,2025,Q4,12,Dec,2025-12,15,Monday
2025-12-16,2025,Q4,12,Dec,2025-12,16,Tuesday
2025-12-17,2025,Q4,12,Dec,2025-12,17,Wednesday
2025-12-18,2025,Q4,12,Dec,2025-12,18,Thursday
2025-12-19,2025,Q4,12,Dec,2025-12,19,Friday
2025-12-20,2025,Q4,12,Dec,2025-12,20,Saturday
2025-12-21,2025,Q4,12,Dec,2025-12,21,Sunday
2025-12-22,2025,Q4,12,Dec,2025-12,22,Monday
2025-12-23,2025,Q4,12,Dec,2025-12,23,Tuesday
2025-12-24,2025,Q4,12,Dec,2025-12,24,Wednesday
2025-12-25,2025,Q4,12,Dec,2025-12,25,Thursday
2025-12-26,2025,Q4,12,Dec,2025-12,26,Friday
2025-12-27,2025,Q4,12,Dec,2025-12,27,Saturday
2025-12-28,2025,Q4,12,Dec,2025-12,28,Sunday
2025-12-29,2025,Q4,12,Dec,2025-12,29,Monday
2025-12-30,2025,Q4,12,Dec,2025-12,30,Tuesday
2025-12-31,2025,Q4,12,Dec,2025-12,31,Wednesday
2026-01-01,2026,Q1,1,Jan,2026-01,1,Thursday
2026-01-02,2026,Q1,1,Jan,2026-01,2,Friday
2026-01-03,2026,Q1,1,Jan,2026-01,3,Saturday
2026-01-04,2026,Q1,1,Jan,2026-01,4,Sunday
2026-01-05,2026,Q1,1,Jan,2026-01,5,Monday
2026-01-06,2026,Q1,1,Jan,2026-01,6,Tuesday
2026-01-07,2026,Q1,1,Jan,2026-01,7,Wednesday
2026-01-08,2026,Q1,1,Jan,2026-01,8,Thursday
2026-01-09,2026,Q1,1,Jan,2026-01,9,Friday
2026-01-10,2026,Q1,1,Jan,2026-01,10,Saturday
2026-01-11,2026,Q1,1,Jan,2026-01,11,Sunday
2026-01-12,2026,Q1,1,Jan,2026-01,12,Monday
2026-01-13,2026,Q1,1,Jan,2026-01,13,Tuesday
2026-01-14,2026,Q1,1,Jan,2026-01,14,Wednesday
2026-01-15,2026,Q1,1,Jan,2026-01,15,Thursday
2026-01-16,2026,Q1,1,Jan,2026-01,16,Friday
2026-01-17,2026,Q1,1,Jan,2026-01,17,Saturday
2026-01-18,2026,Q1,1,Jan,2026-01,18,Sunday
2026-01-19,2026,Q1,1,Jan,2026-01,19,Monday
2026-01-20,2026,Q1,1,Jan,2026-01,20,Tuesday
2026-01-21,2026,Q1,1,Jan,2026-01,21,Wednesday
2026-01-22,2026,Q1,1,Jan,2026-01,22,Thursday
2026-01-23,2026,Q1,1,Jan,2026-01,23,Friday
2026-01-24,2026,Q1,1,Jan,2026-01,24,Saturday
2026-01-25,2026,Q1,1,Jan,2026-01,25,Sunday
2026-01-26,2026,Q1,1,Jan,2026-01,26,Monday
2026-01-27,2026,Q1,1,Jan,2026-01,27,Tuesday
2026-01-28,2026,Q1,1,Jan,2026-01,28,Wednesday
2026-01-29,2026,Q1,1,Jan,2026-01,29,Thursday
2026-01-30,2026,Q1,1,Jan,2026-01,30,Friday
2026-01-31,2026,Q1,1,Jan,2026-01,31,Saturday
2026-02-01,2026,Q1,2,Feb,2026-02,1,Sunday
2026-02-02,2026,Q1,2,Feb,2026-02,2,Monday
2026-02-03,2026,Q1,2,Feb,2026-02,3,Tuesday
2026-02-04,2026,Q1,2,Feb,2026-02,4,Wednesday
2026-02-05,2026,Q1,2,Feb,2026-02,5,Thursday
2026-02-06,2026,Q1,2,Feb,2026-02,6,Friday
2026-02-07,2026,Q1,2,Feb,2026-02,7,Saturday
2026-02-08,2026,Q1,2,Feb,2026-02,8,Sunday
2026-02-09,2026,Q1,2,Feb,2026-02,9,Monday
2026-02-10,2026,Q1,2,Feb,2026-02,10,Tuesday
2026-02-11,2026,Q1,2,Feb,2026-02,11,Wednesday
2026-02-12,2026,Q1,2,Feb,2026-02,12,Thursday
2026-02-13,2026,Q1,2,Feb,2026-02,13,Friday
2026-02-14,2026,Q1,2,Feb,2026-02,14,Saturday
2026-02-15,2026,Q1,2,Feb,2026-02,15,Sunday
2026-02-16,2026,Q1,2,Feb,2026-02,16,Monday
2026-02-17,2026,Q1,2,Feb,2026-02,17,Tuesday
2026-02-18,2026,Q1,2,Feb,2026-02,18,Wednesday
2026-02-19,2026,Q1,2,Feb,2026-02,19,Thursday
2026-02-20,2026,Q1,2,Feb,2026-02,20,Friday
2026-02-21,2026,Q1,2,Feb,2026-02,21,Saturday
2026-02-22,2026,Q1,2,Feb,2026-02,22,Sunday
2026-02-23,2026,Q1,2,Feb,2026-02,23,Monday
2026-02-24,2026,Q1,2,Feb,2026-02,24,Tuesday
2026-02-25,2026,Q1,2,Feb,2026-02,25,Wednesday
2026-02-26,2026,Q1,2,Feb,2026-02,26,Thursday
2026-02-27,2026,Q1,2,Feb,2026-02,27,Friday
2026-02-28,2026,Q1,2,Feb,2026-02,28,Saturday
2026-03-01,2026,Q1,3,Mar,2026-03,1,Sunday
2026-03-02,2026,Q1,3,Mar,2026-03,2,Monday
2026-03-03,2026,Q1,3,Mar,2026-03,3,Tuesday
2026-03-04,2026,Q1,3,Mar,2026-03,4,Wednesday
2026-03-05,2026,Q1,3,Mar,2026-03,5,Thursday
2026-03-06,2026,Q1,3,Mar,2026-03,6,Friday
2026-03-07,2026,Q1,3,Mar,2026-03,7,Saturday
2026-03-08,2026,Q1,3,Mar,2026-03,8,Sunday
2026-03-09,2026,Q1,3,Mar,2026-03,9,Monday
2026-03-10,2026,Q1,3,Mar,2026-03,10,Tuesday
2026-03-11,2026,Q1,3,Mar,2026-03,11,Wednesday
2026-03-12,2026,Q1,3,Mar,2026-03,12,Thursday
2026-03-13,2026,Q1,3,Mar,2026-03,13,Friday
2026-03-14,2026,Q1,3,Mar,2026-03,14,Saturday
2026-03-15,2026,Q1,3,Mar,2026-03,15,Sunday
2026-03-16,2026,Q1,3,Mar,2026-03,16,Monday
2026-03-17,2026,Q1,3,Mar,2026-03,17,Tuesday
2026-03-18,2026,Q1,3,Mar,2026-03,18,Wednesday
2026-03-19,2026,Q1,3,Mar,2026-03,19,Thursday
2026-03-20,2026,Q1,3,Mar,2026-03,20,Friday
2026-03-21,2026,Q1,3,Mar,2026-03,21,Saturday
2026-03-22,2026,Q1,3,Mar,2026-03,22,Sunday
2026-03-23,2026,Q1,3,Mar,2026-03,23,Monday
2026-03-24,2026,Q1,3,Mar,2026-03,24,Tuesday
2026-03-25,2026,Q1,3,Mar,2026-03,25,Wednesday
2026-03-26,2026,Q1,3,Mar,2026-03,26,Thursday
2026-03-27,2026,Q1,3,Mar,2026-03,27,Friday
2026-03-28,2026,Q1,3,Mar,2026-03,28,Saturday
2026-03-29,2026,Q1,3,Mar,2026-03,29,Sunday
2026-03-30,2026,Q1,3,Mar,2026-03,30,Monday
2026-03-31,2026,Q1,3,Mar,2026-03,31,Tuesday
2026-04-01,2026,Q2,4,Apr,2026-04,1,Wednesday
2026-04-02,2026,Q2,4,Apr,2026-04,2,Thursday
2026-04-03,2026,Q2,4,Apr,2026-04,3,Friday
2026-04-04,2026,Q2,4,Apr,2026-04,4,Saturday
2026-04-05,2026,Q2,4,Apr,2026-04,5,Sunday
2026-04-06,2026,Q2,4,Apr,2026-04,6,Monday
2026-04-07,2026,Q2,4,Apr,2026-04,7,Tuesday
2026-04-08,2026,Q2,4,Apr,2026-04,8,Wednesday
2026-04-09,2026,Q2,4,Apr,2026-04,9,Thursday
2026-04-10,2026,Q2,4,Apr,2026-04,10,Friday
2026-04-11,2026,Q2,4,Apr,2026-04,11,Saturday
2026-04-12,2026,Q2,4,Apr,2026-04,12,Sunday
2026-04-13,2026,Q2,4,Apr,2026-04,13,Monday
2026-04-14,2026,Q2,4,Apr,2026-04,14,Tuesday
2026-04-15,2026,Q2,4,Apr,2026-04,15,Wednesday
2026-04-16,2026,Q2,4,Apr,2026-04,16,Thursday
2026-04-17,2026,Q2,4,Apr,2026-04,17,Friday
2026-04-18,2026,Q2,4,Apr,2026-04,18,Saturday
2026-04-19,2026,Q2,4,Apr,2026-04,19,Sunday
2026-04-20,2026,Q2,4,Apr,2026-04,20,Monday
2026-04-21,2026,Q2,4,Apr,2026-04,21,Tuesday
2026-04-22,2026,Q2,4,Apr,2026-04,22,Wednesday
2026-04-23,2026,Q2,4,Apr,2026-04,23,Thursday
2026-04-24,2026,Q2,4,Apr,2026-04,24,Friday
2026-04-25,2026,Q2,4,Apr,2026-04,25,Saturday
2026-04-26,2026,Q2,4,Apr,2026-04,26,Sunday
2026-04-27,2026,Q2,4,Apr,2026-04,27,Monday
2026-04-28,2026,Q2,4,Apr,2026-04,28,Tuesday
2026-04-29,2026,Q2,4,Apr,2026-04,29,Wednesday
2026-04-30,2026,Q2,4,Apr,2026-04,30,Thursday
2026-05-01,2026,Q2,5,May,2026-05,1,Friday
2026-05-02,2026,Q2,5,May,2026-05,2,Saturday
2026-05-03,2026,Q2,5,May,2026-05,3,Sunday
2026-05-04,2026,Q2,5,May,2026-05,4,Monday
2026-05-05,2026,Q2,5,May,2026-05,5,Tuesday
2026-05-06,2026,Q2,5,May,2026-05,6,Wednesday
2026-05-07,2026,Q2,5,May,2026-05,7,Thursday
2026-05-08,2026,Q2,5,May,2026-05,8,Friday
2026-05-09,2026,Q2,5,May,2026-05,9,Saturday
2026-05-10,2026,Q2,5,May,2026-05,10,Sunday
2026-05-11,2026,Q2,5,May,2026-05,11,Monday
2026-05-12,2026,Q2,5,May,2026-05,12,Tuesday
2026-05-13,2026,Q2,5,May,2026-05,13,Wednesday
2026-05-14,2026,Q2,5,May,2026-05,14,Thursday
2026-05-15,2026,Q2,5,May,2026-05,15,Friday
2026-05-16,2026,Q2,5,May,2026-05,16,Saturday
2026-05-17,2026,Q2,5,May,2026-05,17,Sunday
2026-05-18,2026,Q2,5,May,2026-05,18,Monday
2026-05-19,2026,Q2,5,May,2026-05,19,Tuesday
2026-05-20,2026,Q2,5,May,2026-05,20,Wednesday
2026-05-21,2026,Q2,5,May,2026-05,21,Thursday
2026-05-22,2026,Q2,5,May,2026-05,22,Friday
2026-05-23,2026,Q2,5,May,2026-05,23,Saturday
2026-05-24,2026,Q2,5,May,2026-05,24,Sunday
2026-05-25,2026,Q2,5,May,2026-05,25,Monday
2026-05-26,2026,Q2,5,May,2026-05,26,Tuesday
2026-05-27,2026,Q2,5,May,2026-05,27,Wednesday
2026-05-28,2026,Q2,5,May,2026-05,28,Thursday
2026-05-29,2026,Q2,5,May,2026-05,29,Friday
2026-05-30,2026,Q2,5,May,2026-05,30,Saturday
2026-05-31,2026,Q2,5,May,2026-05,31,Sunday
2026-06-01,2026,Q2,6,Jun,2026-06,1,Monday
2026-06-02,2026,Q2,6,Jun,2026-06,2,Tuesday
2026-06-03,2026,Q2,6,Jun,2026-06,3,Wednesday
2026-06-04,2026,Q2,6,Jun,2026-06,4,Thursday
2026-06-05,2026,Q2,6,Jun,2026-06,5,Friday
2026-06-06,2026,Q2,6,Jun,2026-06,6,Saturday
2026-06-07,2026,Q2,6,Jun,2026-06,7,Sunday
2026-06-08,2026,Q2,6,Jun,2026-06,8,Monday
2026-06-09,2026,Q2,6,Jun,2026-06,9,Tuesday
2026-06-10,2026,Q2,6,Jun,2026-06,10,Wednesday
2026-06-11,2026,Q2,6,Jun,2026-06,11,Thursday
2026-06-12,2026,Q2,6,Jun,2026-06,12,Friday
2026-06-13,2026,Q2,6,Jun,2026-06,13,Saturday
2026-06-14,2026,Q2,6,Jun,2026-06,14,Sunday
2026-06-15,2026,Q2,6,Jun,2026-06,15,Monday
2026-06-16,2026,Q2,6,Jun,2026-06,16,Tuesday
2026-06-17,2026,Q2,6,Jun,2026-06,17,Wednesday
2026-06-18,2026,Q2,6,Jun,2026-06,18,Thursday
2026-06-19,2026,Q2,6,Jun,2026-06,19,Friday
2026-06-20,2026,Q2,6,Jun,2026-06,20,Saturday
2026-06-21,2026,Q2,6,Jun,2026-06,21,Sunday
2026-06-22,2026,Q2,6,Jun,2026-06,22,Monday
2026-06-23,2026,Q2,6,Jun,2026-06,23,Tuesday
2026-06-24,2026,Q2,6,Jun,2026-06,24,Wednesday
2026-06-25,2026,Q2,6,Jun,2026-06,25,Thursday
2026-06-26,2026,Q2,6,Jun,2026-06,26,Friday
2026-06-27,2026,Q2,6,Jun,2026-06,27,Saturday
2026-06-28,2026,Q2,6,Jun,2026-06,28,Sunday
2026-06-29,2026,Q2,6,Jun,2026-06,29,Monday
2026-06-30,2026,Q2,6,Jun,2026-06,30,Tuesday
